{
  "Main": "{\r\n  \"DisplayTrayIconTemperature\": true,\r\n  \"ShowHiddenCards\": false,\r\n  \"HideFanSpeedCards\": false,\r\n  \"StartMinimized\": false,\r\n  \"FanCurves\": [],\r\n  \"Controls\": [\r\n    {\r\n      \"Enable\": false,\r\n      \"MatchingFanSensor\": null,\r\n      \"SelectedFanCurve\": null,\r\n      \"SelectedOffset\": 0,\r\n      \"SelectedActivation\": 0,\r\n      \"SelectedCommandStep\": 8.0,\r\n      \"CancelMatchFanCommand\": null,\r\n      \"Name\": \"Control 1 - GeForce GTX 1060 6GB\",\r\n      \"NickName\": \"Control 1 - GeForce GTX 1060 6GB\",\r\n      \"Identifier\": \"NVApiWrapper/256/control/0\",\r\n      \"IsHidden\": false,\r\n      \"SelectSensorCommand\": null\r\n    },\r\n    {\r\n      \"Enable\": false,\r\n      \"MatchingFanSensor\": null,\r\n      \"SelectedFanCurve\": null,\r\n      \"SelectedOffset\": 0,\r\n      \"SelectedActivation\": 0,\r\n      \"SelectedCommandStep\": 8.0,\r\n      \"CancelMatchFanCommand\": null,\r\n      \"Name\": \"Fan Control #1\",\r\n      \"NickName\": \"Fan Control #1\",\r\n      \"Identifier\": \"/lpc/nct6797d/control/0\",\r\n      \"IsHidden\": false,\r\n      \"SelectSensorCommand\": null\r\n    },\r\n    {\r\n      \"Enable\": false,\r\n      \"MatchingFanSensor\": null,\r\n      \"SelectedFanCurve\": null,\r\n      \"SelectedOffset\": 0,\r\n      \"SelectedActivation\": 0,\r\n      \"SelectedCommandStep\": 8.0,\r\n      \"CancelMatchFanCommand\": null,\r\n      \"Name\": \"Fan Control #2\",\r\n      \"NickName\": \"Fan Control #2\",\r\n      \"Identifier\": \"/lpc/nct6797d/control/1\",\r\n      \"IsHidden\": false,\r\n      \"SelectSensorCommand\": null\r\n    },\r\n    {\r\n      \"Enable\": false,\r\n      \"MatchingFanSensor\": null,\r\n      \"SelectedFanCurve\": null,\r\n      \"SelectedOffset\": 0,\r\n      \"SelectedActivation\": 0,\r\n      \"SelectedCommandStep\": 8.0,\r\n      \"CancelMatchFanCommand\": null,\r\n      \"Name\": \"Fan Control #3\",\r\n      \"NickName\": \"Fan Control #3\",\r\n      \"Identifier\": \"/lpc/nct6797d/control/2\",\r\n      \"IsHidden\": false,\r\n      \"SelectSensorCommand\": null\r\n    },\r\n    {\r\n      \"Enable\": false,\r\n      \"MatchingFanSensor\": null,\r\n      \"SelectedFanCurve\": null,\r\n      \"SelectedOffset\": 0,\r\n      \"SelectedActivation\": 0,\r\n      \"SelectedCommandStep\": 8.0,\r\n      \"CancelMatchFanCommand\": null,\r\n      \"Name\": \"Fan Control #4\",\r\n      \"NickName\": \"Fan Control #4\",\r\n      \"Identifier\": \"/lpc/nct6797d/control/3\",\r\n      \"IsHidden\": false,\r\n      \"SelectSensorCommand\": null\r\n    },\r\n    {\r\n      \"Enable\": false,\r\n      \"MatchingFanSensor\": null,\r\n      \"SelectedFanCurve\": null,\r\n      \"SelectedOffset\": 0,\r\n      \"SelectedActivation\": 0,\r\n      \"SelectedCommandStep\": 8.0,\r\n      \"CancelMatchFanCommand\": null,\r\n      \"Name\": \"Fan Control #5\",\r\n      \"NickName\": \"Fan Control #5\",\r\n      \"Identifier\": \"/lpc/nct6797d/control/4\",\r\n      \"IsHidden\": false,\r\n      \"SelectSensorCommand\": null\r\n    },\r\n    {\r\n      \"Enable\": false,\r\n      \"MatchingFanSensor\": null,\r\n      \"SelectedFanCurve\": null,\r\n      \"SelectedOffset\": 0,\r\n      \"SelectedActivation\": 0,\r\n      \"SelectedCommandStep\": 8.0,\r\n      \"CancelMatchFanCommand\": null,\r\n      \"Name\": \"Fan Control #6\",\r\n      \"NickName\": \"Fan Control #6\",\r\n      \"Identifier\": \"/lpc/nct6797d/control/5\",\r\n      \"IsHidden\": false,\r\n      \"SelectSensorCommand\": null\r\n    },\r\n    {\r\n      \"Enable\": false,\r\n      \"MatchingFanSensor\": null,\r\n      \"SelectedFanCurve\": null,\r\n      \"SelectedOffset\": 0,\r\n      \"SelectedActivation\": 0,\r\n      \"SelectedCommandStep\": 8.0,\r\n      \"CancelMatchFanCommand\": null,\r\n      \"Name\": \"Fan Control #7\",\r\n      \"NickName\": \"Fan Control #7\",\r\n      \"Identifier\": \"/lpc/nct6797d/control/6\",\r\n      \"IsHidden\": false,\r\n      \"SelectSensorCommand\": null\r\n    }\r\n  ],\r\n  \"FanSensors\": [\r\n    {\r\n      \"IsHidden\": false,\r\n      \"SelectSensorCommand\": null,\r\n      \"NickName\": \"Fan 1 - GeForce GTX 1060 6GB\",\r\n      \"Name\": \"Fan 1 - GeForce GTX 1060 6GB\",\r\n      \"Identifier\": \"NVApiWrapper/256/fan/0\"\r\n    },\r\n    {\r\n      \"IsHidden\": false,\r\n      \"SelectSensorCommand\": null,\r\n      \"NickName\": \"Fan #2\",\r\n      \"Name\": \"Fan #2\",\r\n      \"Identifier\": \"/lpc/nct6797d/fan/1\"\r\n    },\r\n    {\r\n      \"IsHidden\": false,\r\n      \"SelectSensorCommand\": null,\r\n      \"NickName\": \"Fan #3\",\r\n      \"Name\": \"Fan #3\",\r\n      \"Identifier\": \"/lpc/nct6797d/fan/2\"\r\n    },\r\n    {\r\n      \"IsHidden\": false,\r\n      \"SelectSensorCommand\": null,\r\n      \"NickName\": \"Fan #4\",\r\n      \"Name\": \"Fan #4\",\r\n      \"Identifier\": \"/lpc/nct6797d/fan/3\"\r\n    },\r\n    {\r\n      \"IsHidden\": false,\r\n      \"SelectSensorCommand\": null,\r\n      \"NickName\": \"Fan #5\",\r\n      \"Name\": \"Fan #5\",\r\n      \"Identifier\": \"/lpc/nct6797d/fan/4\"\r\n    },\r\n    {\r\n      \"IsHidden\": false,\r\n      \"SelectSensorCommand\": null,\r\n      \"NickName\": \"Fan #6\",\r\n      \"Name\": \"Fan #6\",\r\n      \"Identifier\": \"/lpc/nct6797d/fan/5\"\r\n    },\r\n    {\r\n      \"IsHidden\": false,\r\n      \"SelectSensorCommand\": null,\r\n      \"NickName\": \"Fan #7\",\r\n      \"Name\": \"Fan #7\",\r\n      \"Identifier\": \"/lpc/nct6797d/fan/6\"\r\n    }\r\n  ],\r\n  \"SelectedTrayIconSensor\": null,\r\n  \"SelectedTheme\": \"\",\r\n  \"PrimaryColor\": \"#FF607D8B\",\r\n  \"SecondaryColor\": \"#FFAEEA00\",\r\n  \"DisableStorageSensors\": false\r\n}"
}